{"cameraMode":{"drawMode":0,"name":"Shaded","section":"Shading Mode"},"sceneLighting":true,"audioPlay":false,"sceneViewState":{"m_AlwaysRefresh":false,"showFog":true,"showSkybox":true,"showFlares":true,"showImageEffects":true,"showParticleSystems":true,"showVisualEffectGraphs":true,"m_FxEnabled":true},"in2DMode":false,"pivot":{"x":0.6631115674972534,"y":-0.11546167731285095,"z":-0.011616440489888192},"rotation":{"x":-0.2703573405742645,"y":-0.7050572633743286,"z":0.3400684893131256,"w":-0.5605276823043823},"size":1.2156383991241456,"orthographic":false}